Exercice;Outre-mer;Code Insee 2024 Région;Nom 2024 Région;Code Insee 2024 Département;Nom 2024 Département;Code Siren 2024 EPCI;Nom 2024 EPCI;Strate population 2024;Commune rurale;Commune de montagne;Commune touristique;Tranche revenu par habitant;Présence QPV;Code Insee 2024 Commune;Nom 2024 Commune;Catégorie;Code Siren Collectivité;Code Insee Collectivité;Siret Budget;Libellé Budget;Type de budget;Nomenclature;Agrégat;Montant;Montant en millions;Population totale;Montant en € par habitant;Compte 2024 Disponible;code_type_budget;ordre_analyse1_section1;ordre_analyse1_section2;ordre_analyse1_section3;ordre_analyse2_section1;ordre_analyse2_section2;ordre_analyse2_section3;ordre_analyse3_section1;ordre_analyse3_section2;ordre_analyse3_section3;ordre_analyse4_section1;annee_join;Population totale du dernier exercice
2024;Non;11;Île-de-France;93;Seine-Saint-Denis;200058790;Grand Paris - Grand Est;7;Non;Non;Non;4;Non;93062;Le Raincy;Commune;219300621;93062;21930062100014;RAINCY (LE );Budget principal;M14;Dépenses d'équipement;10714485.57;10.71448557;15066;711.1698904818797;1;1;;;;;;;;2;;;2024;15066
2024;Non;11;Île-de-France;93;Seine-Saint-Denis;200057867;Plaine Commune;9;Non;Non;Non;0;Oui;93001;Aubervilliers;Commune;219300019;93001;21930001900011;AUBERVILLIERS;Budget principal;M57;Dépenses d'équipement;28685393.86;28.685393859999998;90259;317.8120061157336;1;1;;;;;;;;2;;;2024;90259
2024;Non;11;Île-de-France;93;Seine-Saint-Denis;200058097;Paris Terres d'Envol;9;Non;Non;Non;1;Oui;93005;Aulnay-sous-Bois;Commune;219300050;93005;21930005000016;AULNAY-SOUS-BOIS;Budget principal;M57;Dépenses d'équipement;21215891.99;21.21589199;86522;245.20806257368065;1;1;;;;;;;;2;;;2024;86522
2024;Non;11;Île-de-France;93;Seine-Saint-Denis;200057875;Est Ensemble;8;Non;Non;Non;1;Oui;93006;Bagnolet;Commune;219300068;93006;21930006800018;BAGNOLET;Budget principal;M57;Dépenses d'équipement;17859966.81;17.85996681;39493;452.2312007191147;1;1;;;;;;;;2;;;2024;39493
2024;Non;11;Île-de-France;93;Seine-Saint-Denis;200058097;Paris Terres d'Envol;9;Non;Non;Non;1;Oui;93007;Le Blanc-Mesnil;Commune;219300076;93007;21930007600011;LE BLANC-MESNIL;Budget principal;M57;Dépenses d'équipement;31276500.28;31.27650028;58396;535.5931961093225;1;1;;;;;;;;2;;;2024;58396
2024;Non;11;Île-de-France;93;Seine-Saint-Denis;200057875;Est Ensemble;9;Non;Non;Non;0;Oui;93008;Bobigny;Commune;219300084;93008;21930008400015;BOBIGNY;Budget principal;M57;Dépenses d'équipement;47420689.29;47.42068929;55191;859.2105468282872;1;1;;;;;;;;2;;;2024;55191
2024;Non;11;Île-de-France;93;Seine-Saint-Denis;200057875;Est Ensemble;9;Non;Non;Non;1;Oui;93010;Bondy;Commune;219300100;93010;21930010000019;BONDY;Budget principal;M57;Dépenses d'équipement;11422739.92;11.42273992;53067;215.25128460248365;1;1;;;;;;;;2;;;2024;53067
2024;Non;11;Île-de-France;93;Seine-Saint-Denis;200058097;Paris Terres d'Envol;7;Non;Non;Non;1;Oui;93013;Le Bourget;Commune;219300134;93013;21930013400018;LE BOURGET;Budget principal;M57;Dépenses d'équipement;5139062.49;5.139062490000001;14870;345.5993604572966;1;1;;;;;;;;2;;;2024;14870
2024;Non;11;Île-de-France;93;Seine-Saint-Denis;200058790;Grand Paris - Grand Est;8;Non;Non;Non;0;Oui;93014;Clichy-sous-Bois;Commune;219300142;93014;21930014200011;CLICHY-SOUS-BOIS;Budget principal;M57;Dépenses d'équipement;13833765.23;13.833765230000001;29806;464.1268613701939;1;1;;;;;;;;2;;;2024;29806
2024;Non;11;Île-de-France;93;Seine-Saint-Denis;200058790;Grand Paris - Grand Est;6;Non;Non;Non;2;Non;93015;Coubron;Commune;219300159;93015;21930015900015;COUBRON;Budget principal;M57;Dépenses d'équipement;960432.76;0.96043276;5107;188.0620246720188;1;1;;;;;;;;2;;;2024;5107
2024;Non;11;Île-de-France;93;Seine-Saint-Denis;200057867;Plaine Commune;8;Non;Non;Non;0;Oui;93027;La Courneuve;Commune;219300274;93027;21930027400012;LA COURNEUVE;Budget principal;M57;Dépenses d'équipement;24613597.3;24.613597300000002;47289;520.4930808433251;1;1;;;;;;;;2;;;2024;47289
2024;Non;11;Île-de-France;93;Seine-Saint-Denis;200058097;Paris Terres d'Envol;9;Non;Non;Non;1;Oui;93029;Drancy;Commune;219300290;93029;21930029000018;DRANCY;Budget principal;M57;Dépenses d'équipement;45854052.61;45.85405261;71619;640.2498304919086;1;1;;;;;;;;2;;;2024;71619
2024;Non;11;Île-de-France;93;Seine-Saint-Denis;200058097;Paris Terres d'Envol;7;Non;Non;Non;0;Oui;93030;Dugny;Commune;219300308;93030;21930030800018;DUGNY;Budget principal;M57;Dépenses d'équipement;6288721.16;6.288721160000001;11368;553.1950351864884;1;1;;;;;;;;2;;;2024;11368
2024;Non;11;Île-de-France;93;Seine-Saint-Denis;200057867;Plaine Commune;9;Non;Non;Non;1;Oui;93031;Épinay-sur-Seine;Commune;219300316;93031;21930031600011;EPINAY-SUR-SEINE;Budget principal;M57;Dépenses d'équipement;22567840.47;22.56784047;53637;420.7513557805246;1;1;;;;;;;;2;;;2024;53637
2024;Non;11;Île-de-France;93;Seine-Saint-Denis;200058790;Grand Paris - Grand Est;8;Non;Non;Non;2;Oui;93032;Gagny;Commune;219300324;93032;21930032400015;GAGNY;Budget principal;M57;Dépenses d'équipement;18810227.44;18.810227440000002;40428;465.27721974868905;1;1;;;;;;;;2;;;2024;40428
2024;Non;11;Île-de-France;93;Seine-Saint-Denis;200058790;Grand Paris - Grand Est;6;Non;Non;Non;4;Non;93033;Gournay-sur-Marne;Commune;219300332;93033;21930033200018;GOURNAY-SUR-MARNE;Budget principal;M57;Dépenses d'équipement;4396730.5;4.3967305;6944;633.1697148617511;1;1;;;;;;;;2;;;2024;6944
2024;Non;11;Île-de-France;93;Seine-Saint-Denis;200057867;Plaine Commune;6;Non;Non;Non;1;Oui;93039;L'Île-Saint-Denis;Commune;219300399;93039;21930039900017;L'ILE-SAINT-DENIS;Budget principal;M57;Dépenses d'équipement;4539159.52;4.539159519999999;8683;522.7639663710698;1;1;;;;;;;;2;;;2024;8683
2024;Non;11;Île-de-France;93;Seine-Saint-Denis;200057875;Est Ensemble;8;Non;Non;Non;3;Non;93045;Les Lilas;Commune;219300456;93045;21930045600015;LES LILAS;Budget principal;M57;Dépenses d'équipement;9933905.98;9.93390598;23589;421.1245063376998;1;1;;;;;;;;2;;;2024;23589
2024;Non;11;Île-de-France;93;Seine-Saint-Denis;200058790;Grand Paris - Grand Est;8;Non;Non;Non;1;Non;93046;Livry-Gargan;Commune;219300464;93046;21930046400019;LIVRY-GARGAN;Budget principal;M57;Dépenses d'équipement;16863410.71;16.86341071;46218;364.8667339564672;1;1;;;;;;;;2;;;2024;46218
2024;Non;11;Île-de-France;93;Seine-Saint-Denis;200058790;Grand Paris - Grand Est;8;Non;Non;Non;1;Oui;93047;Montfermeil;Commune;219300472;93047;21930047200194;MONTFERMEIL;Budget principal;M57;Dépenses d'équipement;12555962.88;12.555962880000001;28100;446.8314192170819;1;1;;;;;;;;2;;;2024;28100
2024;Non;11;Île-de-France;93;Seine-Saint-Denis;200057875;Est Ensemble;10;Non;Non;Non;2;Oui;93048;Montreuil;Commune;219300480;93048;21930048000015;MONTREUIL;Budget principal;M57;Dépenses d'équipement;36954054.3;36.954054299999996;112027;329.8673917894793;1;1;;;;;;;;2;;;2024;112027
2024;Non;11;Île-de-France;93;Seine-Saint-Denis;200058790;Grand Paris - Grand Est;8;Non;Non;Non;2;Non;93049;Neuilly-Plaisance;Commune;219300498;93049;21930049800017;NEUILLY-PLAISANCE;Budget principal;M57;Dépenses d'équipement;6736727.88;6.73672788;21538;312.78335407187296;1;1;;;;;;;;2;;;2024;21538
2024;Non;11;Île-de-France;93;Seine-Saint-Denis;200058790;Grand Paris - Grand Est;8;Non;Non;Non;1;Oui;93050;Neuilly-sur-Marne;Commune;219300506;93050;21930050600017;NEUILLY-SUR-MARNE;Budget principal;M57;Dépenses d'équipement;13693193.99;13.693193990000001;37639;363.8033420122745;1;1;;;;;;;;2;;;2024;37639
2024;Non;11;Île-de-France;93;Seine-Saint-Denis;200058790;Grand Paris - Grand Est;9;Non;Non;Non;2;Oui;93051;Noisy-le-Grand;Commune;219300514;93051;21930051400011;NOISY-LE-GRAND;Budget principal;M57;Dépenses d'équipement;37140730.8;37.1407308;70774;524.7793087857123;1;1;;;;;;;;2;;;2024;70774
2024;Non;11;Île-de-France;93;Seine-Saint-Denis;200057875;Est Ensemble;8;Non;Non;Non;1;Oui;93053;Noisy-le-Sec;Commune;219300530;93053;21930053000017;NOISY-LE-SEC;Budget principal;M57;Dépenses d'équipement;12737660.69;12.73766069;46229;275.5339871076597;1;1;;;;;;;;2;;;2024;46229
2024;Non;11;Île-de-France;93;Seine-Saint-Denis;200057875;Est Ensemble;9;Non;Non;Non;1;Oui;93055;Pantin;Commune;219300555;93055;21930055500014;PANTIN;Budget principal;M57;Dépenses d'équipement;70788330.34;70.78833034;60959;1161.2449406978462;1;1;;;;;;;;2;;;2024;60959
2024;Non;11;Île-de-France;93;Seine-Saint-Denis;200058790;Grand Paris - Grand Est;8;Non;Non;Non;1;Non;93057;Les Pavillons-sous-Bois;Commune;219300571;93057;21930057100011;LES PAVILLONS-SOUS-BOIS;Budget principal;M57;Dépenses d'équipement;6595073.13;6.59507313;24268;271.7600597494643;1;1;;;;;;;;2;;;2024;24268
2024;Non;11;Île-de-France;93;Seine-Saint-Denis;200057867;Plaine Commune;8;Non;Non;Non;0;Oui;93059;Pierrefitte-sur-Seine;Commune;219300597;93059;21930059700016;PIERREFITTE-SUR-SEINE;Budget principal;M57;Dépenses d'équipement;14468571.2;14.4685712;32426;446.20277555048415;1;1;;;;;;;;2;;;2024;32426
2024;Non;11;Île-de-France;93;Seine-Saint-Denis;200057875;Est Ensemble;7;Non;Non;Non;2;Oui;93061;Le Pré-Saint-Gervais;Commune;219300613;93061;21930061300011;LE PRE-SAINT-GERVAIS;Budget principal;M57;Dépenses d'équipement;10183725.26;10.18372526;16913;602.1241210902856;1;1;;;;;;;;2;;;2024;16913
2024;Non;11;Île-de-France;93;Seine-Saint-Denis;200057875;Est Ensemble;8;Non;Non;Non;1;Oui;93063;Romainville;Commune;219300639;93063;21930063900016;ROMAINVILLE;Budget principal;M57;Dépenses d'équipement;12452822.89;12.45282289;33343;373.47637855022043;1;1;;;;;;;;2;;;2024;33343
2024;Non;11;Île-de-France;93;Seine-Saint-Denis;200058790;Grand Paris - Grand Est;8;Non;Non;Non;2;Oui;93064;Rosny-sous-Bois;Commune;219300647;93064;21930064700019;ROSNY-SOUS-BOIS;Budget principal;M57;Dépenses d'équipement;20053874.36;20.05387436;45857;437.3132642780819;1;1;;;;;;;;2;;;2024;45857
2024;Non;11;Île-de-France;93;Seine-Saint-Denis;200057867;Plaine Commune;10;Non;Non;Non;1;Oui;93066;Saint-Denis;Commune;219300662;93066;21930066200018;SAINT-DENIS;Budget principal;M57;Dépenses d'équipement;40174110.81;40.17411081;114782;350.003579045495;1;1;;;;;;;;2;;;2024;114782
2024;Non;11;Île-de-France;93;Seine-Saint-Denis;200057867;Plaine Commune;9;Non;Non;Non;2;Oui;93070;Saint-Ouen-sur-Seine;Commune;219300704;93070;21930070400018;SAINT-OUEN-SUR-SEINE;Budget principal;M57;Dépenses d'équipement;12082873.94;12.082873939999999;53320;226.61053900975242;1;1;;;;;;;;2;;;2024;53320
2024;Non;11;Île-de-France;93;Seine-Saint-Denis;200058097;Paris Terres d'Envol;9;Non;Non;Non;1;Oui;93071;Sevran;Commune;219300712;93071;21930071200524;SEVRAN;Budget principal;M57;Dépenses d'équipement;24451318.29;24.45131829;52002;470.1995748240452;1;1;;;;;;;;2;;;2024;52002
2024;Non;11;Île-de-France;93;Seine-Saint-Denis;200057867;Plaine Commune;8;Non;Non;Non;0;Oui;93072;Stains;Commune;219300720;93072;21930072000014;STAINS;Budget principal;M57;Dépenses d'équipement;5280684.01;5.28068401;40443;130.57102613554878;1;1;;;;;;;;2;;;2024;40443
2024;Non;11;Île-de-France;93;Seine-Saint-Denis;200058097;Paris Terres d'Envol;8;Non;Non;Non;1;Oui;93073;Tremblay-en-France;Commune;219300738;93073;21930073800271;TREMBLAY-EN-FRANCE;Budget principal;M57;Dépenses d'équipement;19046910.11;19.04691011;37464;508.405672378817;1;1;;;;;;;;2;;;2024;37464
2024;Non;11;Île-de-France;93;Seine-Saint-Denis;200058790;Grand Paris - Grand Est;6;Non;Non;Non;1;Non;93074;Vaujours;Commune;219300746;93074;21930074600019;VAUJOURS;Budget principal;M57;Dépenses d'équipement;7509747.94;7.5097479400000005;7549;994.8003629619818;1;1;;;;;;;;2;;;2024;7549
2024;Non;11;Île-de-France;93;Seine-Saint-Denis;200058790;Grand Paris - Grand Est;8;Non;Non;Non;2;Oui;93077;Villemomble;Commune;219300779;93077;21930077900200;VILLEMOMBLE;Budget principal;M57;Dépenses d'équipement;8681030.17;8.68103017;30514;284.4933528871993;1;1;;;;;;;;2;;;2024;30514
2024;Non;11;Île-de-France;93;Seine-Saint-Denis;200058097;Paris Terres d'Envol;8;Non;Non;Non;1;Oui;93078;Villepinte;Commune;219300787;93078;21930078700013;VILLEPINTE;Budget principal;M57;Dépenses d'équipement;10518927.6;10.5189276;38798;271.1203567194185;1;1;;;;;;;;2;;;2024;38798
2024;Non;11;Île-de-France;93;Seine-Saint-Denis;200057867;Plaine Commune;7;Non;Non;Non;0;Oui;93079;Villetaneuse;Commune;219300795;93079;21930079500123;VILLETANEUSE;Budget principal;M57;Dépenses d'équipement;13581694.77;13.58169477;12752;1065.0638935069007;1;1;;;;;;;;2;;;2024;12752
2024;Non;11;Île-de-France;93;Seine-Saint-Denis;200057867;Plaine Commune;9;Non;Non;Non;0;Oui;93001;Aubervilliers;Commune;219300019;93001;21930001900011;AUBERVILLIERS;Budget principal;M57;Ventes de biens et services;8922840.47;8.92284047;90259;98.85818001528934;1;1;;;;5;;;;;;;2024;90259
2024;Non;11;Île-de-France;93;Seine-Saint-Denis;200058097;Paris Terres d'Envol;9;Non;Non;Non;1;Oui;93005;Aulnay-sous-Bois;Commune;219300050;93005;21930005000016;AULNAY-SOUS-BOIS;Budget principal;M57;Ventes de biens et services;11969171.74;11.96917174;86522;138.33674371836065;1;1;;;;5;;;;;;;2024;86522
2024;Non;11;Île-de-France;93;Seine-Saint-Denis;200057875;Est Ensemble;8;Non;Non;Non;1;Oui;93006;Bagnolet;Commune;219300068;93006;21930006800018;BAGNOLET;Budget principal;M57;Ventes de biens et services;4606493.06;4.60649306;39493;116.6407479806548;1;1;;;;5;;;;;;;2024;39493
2024;Non;11;Île-de-France;93;Seine-Saint-Denis;200058097;Paris Terres d'Envol;9;Non;Non;Non;1;Oui;93007;Le Blanc-Mesnil;Commune;219300076;93007;21930007600011;LE BLANC-MESNIL;Budget principal;M57;Ventes de biens et services;6561234.49;6.56123449;58396;112.35760137680663;1;1;;;;5;;;;;;;2024;58396
2024;Non;11;Île-de-France;93;Seine-Saint-Denis;200057875;Est Ensemble;9;Non;Non;Non;0;Oui;93008;Bobigny;Commune;219300084;93008;21930008400015;BOBIGNY;Budget principal;M57;Ventes de biens et services;12026500.35;12.02650035;55191;217.9069114529543;1;1;;;;5;;;;;;;2024;55191
2024;Non;11;Île-de-France;93;Seine-Saint-Denis;200057875;Est Ensemble;9;Non;Non;Non;1;Oui;93010;Bondy;Commune;219300100;93010;21930010000019;BONDY;Budget principal;M57;Ventes de biens et services;6127472.66;6.1274726600000005;53067;115.46672432962104;1;1;;;;5;;;;;;;2024;53067
2024;Non;11;Île-de-France;93;Seine-Saint-Denis;200058097;Paris Terres d'Envol;7;Non;Non;Non;1;Oui;93013;Le Bourget;Commune;219300134;93013;21930013400018;LE BOURGET;Budget principal;M57;Ventes de biens et services;2461209.31;2.46120931;14870;165.5150847343645;1;1;;;;5;;;;;;;2024;14870
2024;Non;11;Île-de-France;93;Seine-Saint-Denis;200058790;Grand Paris - Grand Est;8;Non;Non;Non;0;Oui;93014;Clichy-sous-Bois;Commune;219300142;93014;21930014200011;CLICHY-SOUS-BOIS;Budget principal;M57;Ventes de biens et services;1793706.3;1.7937063;29806;60.17936992551835;1;1;;;;5;;;;;;;2024;29806
2024;Non;11;Île-de-France;93;Seine-Saint-Denis;200058790;Grand Paris - Grand Est;6;Non;Non;Non;2;Non;93015;Coubron;Commune;219300159;93015;21930015900015;COUBRON;Budget principal;M57;Ventes de biens et services;773823.38;0.77382338;5107;151.522102995888;1;1;;;;5;;;;;;;2024;5107
2024;Non;11;Île-de-France;93;Seine-Saint-Denis;200057867;Plaine Commune;8;Non;Non;Non;0;Oui;93027;La Courneuve;Commune;219300274;93027;21930027400012;LA COURNEUVE;Budget principal;M57;Ventes de biens et services;4143341.79;4.14334179;47289;87.61745416481634;1;1;;;;5;;;;;;;2024;47289
2024;Non;11;Île-de-France;93;Seine-Saint-Denis;200058097;Paris Terres d'Envol;9;Non;Non;Non;1;Oui;93029;Drancy;Commune;219300290;93029;21930029000018;DRANCY;Budget principal;M57;Ventes de biens et services;8047063.6;8.0470636;71619;112.3593403984976;1;1;;;;5;;;;;;;2024;71619
2024;Non;11;Île-de-France;93;Seine-Saint-Denis;200058097;Paris Terres d'Envol;7;Non;Non;Non;0;Oui;93030;Dugny;Commune;219300308;93030;21930030800018;DUGNY;Budget principal;M57;Ventes de biens et services;1827076.34;1.82707634;11368;160.72100105559466;1;1;;;;5;;;;;;;2024;11368
2024;Non;11;Île-de-France;93;Seine-Saint-Denis;200057867;Plaine Commune;9;Non;Non;Non;1;Oui;93031;Épinay-sur-Seine;Commune;219300316;93031;21930031600011;EPINAY-SUR-SEINE;Budget principal;M57;Ventes de biens et services;12676850.78;12.676850779999999;53637;236.34526129351008;1;1;;;;5;;;;;;;2024;53637
2024;Non;11;Île-de-France;93;Seine-Saint-Denis;200058790;Grand Paris - Grand Est;8;Non;Non;Non;2;Oui;93032;Gagny;Commune;219300324;93032;21930032400015;GAGNY;Budget principal;M57;Ventes de biens et services;4610475.77;4.61047577;40428;114.04164860987433;1;1;;;;5;;;;;;;2024;40428
2024;Non;11;Île-de-France;93;Seine-Saint-Denis;200058790;Grand Paris - Grand Est;6;Non;Non;Non;4;Non;93033;Gournay-sur-Marne;Commune;219300332;93033;21930033200018;GOURNAY-SUR-MARNE;Budget principal;M57;Ventes de biens et services;1177137.57;1.17713757;6944;169.51865927419357;1;1;;;;5;;;;;;;2024;6944
2024;Non;11;Île-de-France;93;Seine-Saint-Denis;200057867;Plaine Commune;6;Non;Non;Non;1;Oui;93039;L'Île-Saint-Denis;Commune;219300399;93039;21930039900017;L'ILE-SAINT-DENIS;Budget principal;M57;Ventes de biens et services;754496.07;0.75449607;8683;86.89347806057813;1;1;;;;5;;;;;;;2024;8683
2024;Non;11;Île-de-France;93;Seine-Saint-Denis;200057875;Est Ensemble;8;Non;Non;Non;3;Non;93045;Les Lilas;Commune;219300456;93045;21930045600015;LES LILAS;Budget principal;M57;Ventes de biens et services;3716854.31;3.71685431;23589;157.56726906609012;1;1;;;;5;;;;;;;2024;23589
2024;Non;11;Île-de-France;93;Seine-Saint-Denis;200058790;Grand Paris - Grand Est;8;Non;Non;Non;1;Non;93046;Livry-Gargan;Commune;219300464;93046;21930046400019;LIVRY-GARGAN;Budget principal;M57;Ventes de biens et services;5987090.5;5.9870905;46218;129.54023324245964;1;1;;;;5;;;;;;;2024;46218
2024;Non;11;Île-de-France;93;Seine-Saint-Denis;200058790;Grand Paris - Grand Est;8;Non;Non;Non;1;Oui;93047;Montfermeil;Commune;219300472;93047;21930047200194;MONTFERMEIL;Budget principal;M57;Ventes de biens et services;3926187.8;3.9261877999999997;28100;139.72198576512454;1;1;;;;5;;;;;;;2024;28100
2024;Non;11;Île-de-France;93;Seine-Saint-Denis;200057875;Est Ensemble;10;Non;Non;Non;2;Oui;93048;Montreuil;Commune;219300480;93048;21930048000015;MONTREUIL;Budget principal;M57;Ventes de biens et services;19197932.59;19.19793259;112027;171.36880028921598;1;1;;;;5;;;;;;;2024;112027
2024;Non;11;Île-de-France;93;Seine-Saint-Denis;200058790;Grand Paris - Grand Est;8;Non;Non;Non;2;Non;93049;Neuilly-Plaisance;Commune;219300498;93049;21930049800017;NEUILLY-PLAISANCE;Budget principal;M57;Ventes de biens et services;1970915.53;1.97091553;21538;91.50875336614357;1;1;;;;5;;;;;;;2024;21538
2024;Non;11;Île-de-France;93;Seine-Saint-Denis;200058790;Grand Paris - Grand Est;8;Non;Non;Non;1;Oui;93050;Neuilly-sur-Marne;Commune;219300506;93050;21930050600017;NEUILLY-SUR-MARNE;Budget principal;M57;Ventes de biens et services;6034124.27;6.0341242699999995;37639;160.31574351072024;1;1;;;;5;;;;;;;2024;37639
2024;Non;11;Île-de-France;93;Seine-Saint-Denis;200058790;Grand Paris - Grand Est;9;Non;Non;Non;2;Oui;93051;Noisy-le-Grand;Commune;219300514;93051;21930051400011;NOISY-LE-GRAND;Budget principal;M57;Ventes de biens et services;8355960.18;8.35596018;70774;118.06539378867946;1;1;;;;5;;;;;;;2024;70774
2024;Non;11;Île-de-France;93;Seine-Saint-Denis;200057875;Est Ensemble;8;Non;Non;Non;1;Oui;93053;Noisy-le-Sec;Commune;219300530;93053;21930053000017;NOISY-LE-SEC;Budget principal;M57;Ventes de biens et services;4309835.99;4.30983599;46229;93.2279735663761;1;1;;;;5;;;;;;;2024;46229
2024;Non;11;Île-de-France;93;Seine-Saint-Denis;200057875;Est Ensemble;9;Non;Non;Non;1;Oui;93055;Pantin;Commune;219300555;93055;21930055500014;PANTIN;Budget principal;M57;Ventes de biens et services;10504885.33;10.50488533;60959;172.32706130349908;1;1;;;;5;;;;;;;2024;60959
2024;Non;11;Île-de-France;93;Seine-Saint-Denis;200058790;Grand Paris - Grand Est;8;Non;Non;Non;1;Non;93057;Les Pavillons-sous-Bois;Commune;219300571;93057;21930057100011;LES PAVILLONS-SOUS-BOIS;Budget principal;M57;Ventes de biens et services;3776851.02;3.77685102;24268;155.63091396077138;1;1;;;;5;;;;;;;2024;24268
2024;Non;11;Île-de-France;93;Seine-Saint-Denis;200057867;Plaine Commune;8;Non;Non;Non;0;Oui;93059;Pierrefitte-sur-Seine;Commune;219300597;93059;21930059700016;PIERREFITTE-SUR-SEINE;Budget principal;M57;Ventes de biens et services;2435034.26;2.4350342599999997;32426;75.09511688151483;1;1;;;;5;;;;;;;2024;32426
2024;Non;11;Île-de-France;93;Seine-Saint-Denis;200057875;Est Ensemble;7;Non;Non;Non;2;Oui;93061;Le Pré-Saint-Gervais;Commune;219300613;93061;21930061300011;LE PRE-SAINT-GERVAIS;Budget principal;M57;Ventes de biens et services;2236162.4;2.2361624;16913;132.21559746940224;1;1;;;;5;;;;;;;2024;16913
2024;Non;11;Île-de-France;93;Seine-Saint-Denis;200058790;Grand Paris - Grand Est;7;Non;Non;Non;4;Non;93062;Le Raincy;Commune;219300621;93062;21930062100014;RAINCY (LE );Budget principal;M14;Ventes de biens et services;1916657.1;1.9166571000000001;15066;127.21738351254481;1;1;;;;5;;;;;;;2024;15066
2024;Non;11;Île-de-France;93;Seine-Saint-Denis;200057875;Est Ensemble;8;Non;Non;Non;1;Oui;93063;Romainville;Commune;219300639;93063;21930063900016;ROMAINVILLE;Budget principal;M57;Ventes de biens et services;3653500.56;3.65350056;33343;109.57324056023754;1;1;;;;5;;;;;;;2024;33343
2024;Non;11;Île-de-France;93;Seine-Saint-Denis;200058790;Grand Paris - Grand Est;8;Non;Non;Non;2;Oui;93064;Rosny-sous-Bois;Commune;219300647;93064;21930064700019;ROSNY-SOUS-BOIS;Budget principal;M57;Ventes de biens et services;8938409.62;8.93840962;45857;194.91919706914973;1;1;;;;5;;;;;;;2024;45857
2024;Non;11;Île-de-France;93;Seine-Saint-Denis;200057867;Plaine Commune;10;Non;Non;Non;1;Oui;93066;Saint-Denis;Commune;219300662;93066;21930066200018;SAINT-DENIS;Budget principal;M57;Ventes de biens et services;10656813.54;10.65681354;114782;92.84394364970116;1;1;;;;5;;;;;;;2024;114782
2024;Non;11;Île-de-France;93;Seine-Saint-Denis;200057867;Plaine Commune;9;Non;Non;Non;2;Oui;93070;Saint-Ouen-sur-Seine;Commune;219300704;93070;21930070400018;SAINT-OUEN-SUR-SEINE;Budget principal;M57;Ventes de biens et services;8287467.22;8.28746722;53320;155.42886759189798;1;1;;;;5;;;;;;;2024;53320
2024;Non;11;Île-de-France;93;Seine-Saint-Denis;200058097;Paris Terres d'Envol;9;Non;Non;Non;1;Oui;93071;Sevran;Commune;219300712;93071;21930071200524;SEVRAN;Budget principal;M57;Ventes de biens et services;4922744.43;4.92274443;52002;94.6645211722626;1;1;;;;5;;;;;;;2024;52002
2024;Non;11;Île-de-France;93;Seine-Saint-Denis;200057867;Plaine Commune;8;Non;Non;Non;0;Oui;93072;Stains;Commune;219300720;93072;21930072000014;STAINS;Budget principal;M57;Ventes de biens et services;2715215.83;2.71521583;40443;67.13685507998912;1;1;;;;5;;;;;;;2024;40443
2024;Non;11;Île-de-France;93;Seine-Saint-Denis;200058097;Paris Terres d'Envol;8;Non;Non;Non;1;Oui;93073;Tremblay-en-France;Commune;219300738;93073;21930073800271;TREMBLAY-EN-FRANCE;Budget principal;M57;Ventes de biens et services;1766578.55;1.76657855;37464;47.15402920136665;1;1;;;;5;;;;;;;2024;37464
2024;Non;11;Île-de-France;93;Seine-Saint-Denis;200058790;Grand Paris - Grand Est;6;Non;Non;Non;1;Non;93074;Vaujours;Commune;219300746;93074;21930074600019;VAUJOURS;Budget principal;M57;Ventes de biens et services;827132.02;0.82713202;7549;109.56842230759041;1;1;;;;5;;;;;;;2024;7549
2024;Non;11;Île-de-France;93;Seine-Saint-Denis;200058790;Grand Paris - Grand Est;8;Non;Non;Non;2;Oui;93077;Villemomble;Commune;219300779;93077;21930077900200;VILLEMOMBLE;Budget principal;M57;Ventes de biens et services;3943766.28;3.9437662799999997;30514;129.24448712066592;1;1;;;;5;;;;;;;2024;30514
2024;Non;11;Île-de-France;93;Seine-Saint-Denis;200058097;Paris Terres d'Envol;8;Non;Non;Non;1;Oui;93078;Villepinte;Commune;219300787;93078;21930078700013;VILLEPINTE;Budget principal;M57;Ventes de biens et services;3426141.4;3.4261414;38798;88.30716531779989;1;1;;;;5;;;;;;;2024;38798
2024;Non;11;Île-de-France;93;Seine-Saint-Denis;200057867;Plaine Commune;7;Non;Non;Non;0;Oui;93079;Villetaneuse;Commune;219300795;93079;21930079500123;VILLETANEUSE;Budget principal;M57;Ventes de biens et services;732351.82;0.73235182;12752;57.43034974905897;1;1;;;;5;;;;;;;2024;12752
2024;Non;11;Île-de-France;93;Seine-Saint-Denis;200057867;Plaine Commune;9;Non;Non;Non;0;Oui;93001;Aubervilliers;Commune;219300019;93001;21930001900011;AUBERVILLIERS;Budget principal;M57;Frais de personnel;86236466.98;86.23646698;90259;955.4334413188712;1;1;;;;;2;;;;;;2024;90259
2024;Non;11;Île-de-France;93;Seine-Saint-Denis;200058097;Paris Terres d'Envol;9;Non;Non;Non;1;Oui;93005;Aulnay-sous-Bois;Commune;219300050;93005;21930005000016;AULNAY-SOUS-BOIS;Budget principal;M57;Frais de personnel;94396357.41;94.39635741;86522;1091.0098866184323;1;1;;;;;2;;;;;;2024;86522
2024;Non;11;Île-de-France;93;Seine-Saint-Denis;200057875;Est Ensemble;8;Non;Non;Non;1;Oui;93006;Bagnolet;Commune;219300068;93006;21930006800018;BAGNOLET;Budget principal;M57;Frais de personnel;45236020.36;45.23602036;39493;1145.4186909072494;1;1;;;;;2;;;;;;2024;39493
2024;Non;11;Île-de-France;93;Seine-Saint-Denis;200058097;Paris Terres d'Envol;9;Non;Non;Non;1;Oui;93007;Le Blanc-Mesnil;Commune;219300076;93007;21930007600011;LE BLANC-MESNIL;Budget principal;M57;Frais de personnel;53009713.67;53.009713670000004;58396;907.7627520720598;1;1;;;;;2;;;;;;2024;58396
2024;Non;11;Île-de-France;93;Seine-Saint-Denis;200057875;Est Ensemble;9;Non;Non;Non;0;Oui;93008;Bobigny;Commune;219300084;93008;21930008400015;BOBIGNY;Budget principal;M57;Frais de personnel;71441528.22;71.44152822;55191;1294.441633962059;1;1;;;;;2;;;;;;2024;55191
2024;Non;11;Île-de-France;93;Seine-Saint-Denis;200057875;Est Ensemble;9;Non;Non;Non;1;Oui;93010;Bondy;Commune;219300100;93010;21930010000019;BONDY;Budget principal;M57;Frais de personnel;51139710.5;51.1397105;53067;963.6819586560385;1;1;;;;;2;;;;;;2024;53067
2024;Non;11;Île-de-France;93;Seine-Saint-Denis;200058097;Paris Terres d'Envol;7;Non;Non;Non;1;Oui;93013;Le Bourget;Commune;219300134;93013;21930013400018;LE BOURGET;Budget principal;M57;Frais de personnel;13698564.19;13.698564189999999;14870;921.2215326160053;1;1;;;;;2;;;;;;2024;14870
2024;Non;11;Île-de-France;93;Seine-Saint-Denis;200058790;Grand Paris - Grand Est;8;Non;Non;Non;0;Oui;93014;Clichy-sous-Bois;Commune;219300142;93014;21930014200011;CLICHY-SOUS-BOIS;Budget principal;M57;Frais de personnel;30313203.75;30.31320375;29806;1017.0168338589546;1;1;;;;;2;;;;;;2024;29806
2024;Non;11;Île-de-France;93;Seine-Saint-Denis;200058790;Grand Paris - Grand Est;6;Non;Non;Non;2;Non;93015;Coubron;Commune;219300159;93015;21930015900015;COUBRON;Budget principal;M57;Frais de personnel;3766050.69;3.76605069;5107;737.4291541022127;1;1;;;;;2;;;;;;2024;5107
2024;Non;11;Île-de-France;93;Seine-Saint-Denis;200057867;Plaine Commune;8;Non;Non;Non;0;Oui;93027;La Courneuve;Commune;219300274;93027;21930027400012;LA COURNEUVE;Budget principal;M57;Frais de personnel;49129269.54;49.129269539999996;47289;1038.915382858593;1;1;;;;;2;;;;;;2024;47289
2024;Non;11;Île-de-France;93;Seine-Saint-Denis;200058097;Paris Terres d'Envol;9;Non;Non;Non;1;Oui;93029;Drancy;Commune;219300290;93029;21930029000018;DRANCY;Budget principal;M57;Frais de personnel;66687769.38;66.68776938;71619;931.1463351903825;1;1;;;;;2;;;;;;2024;71619
2024;Non;11;Île-de-France;93;Seine-Saint-Denis;200058097;Paris Terres d'Envol;7;Non;Non;Non;0;Oui;93030;Dugny;Commune;219300308;93030;21930030800018;DUGNY;Budget principal;M57;Frais de personnel;14863789.4;14.8637894;11368;1307.5113828289936;1;1;;;;;2;;;;;;2024;11368
2024;Non;11;Île-de-France;93;Seine-Saint-Denis;200057867;Plaine Commune;9;Non;Non;Non;1;Oui;93031;Épinay-sur-Seine;Commune;219300316;93031;21930031600011;EPINAY-SUR-SEINE;Budget principal;M57;Frais de personnel;39763407.72;39.76340772;53637;741.3428737625146;1;1;;;;;2;;;;;;2024;53637
2024;Non;11;Île-de-France;93;Seine-Saint-Denis;200058790;Grand Paris - Grand Est;8;Non;Non;Non;2;Oui;93032;Gagny;Commune;219300324;93032;21930032400015;GAGNY;Budget principal;M57;Frais de personnel;28703506.46;28.70350646;40428;709.9907603641041;1;1;;;;;2;;;;;;2024;40428
2024;Non;11;Île-de-France;93;Seine-Saint-Denis;200058790;Grand Paris - Grand Est;6;Non;Non;Non;4;Non;93033;Gournay-sur-Marne;Commune;219300332;93033;21930033200018;GOURNAY-SUR-MARNE;Budget principal;M57;Frais de personnel;6522257.72;6.52225772;6944;939.2652246543778;1;1;;;;;2;;;;;;2024;6944
2024;Non;11;Île-de-France;93;Seine-Saint-Denis;200057867;Plaine Commune;6;Non;Non;Non;1;Oui;93039;L'Île-Saint-Denis;Commune;219300399;93039;21930039900017;L'ILE-SAINT-DENIS;Budget principal;M57;Frais de personnel;8163405.55;8.16340555;8683;940.1595704249683;1;1;;;;;2;;;;;;2024;8683
2024;Non;11;Île-de-France;93;Seine-Saint-Denis;200057875;Est Ensemble;8;Non;Non;Non;3;Non;93045;Les Lilas;Commune;219300456;93045;21930045600015;LES LILAS;Budget principal;M57;Frais de personnel;23915165.06;23.91516506;23589;1013.8269981771164;1;1;;;;;2;;;;;;2024;23589
2024;Non;11;Île-de-France;93;Seine-Saint-Denis;200058790;Grand Paris - Grand Est;8;Non;Non;Non;1;Non;93046;Livry-Gargan;Commune;219300464;93046;21930046400019;LIVRY-GARGAN;Budget principal;M57;Frais de personnel;42423545.86;42.42354586;46218;917.9009446535981;1;1;;;;;2;;;;;;2024;46218
2024;Non;11;Île-de-France;93;Seine-Saint-Denis;200058790;Grand Paris - Grand Est;8;Non;Non;Non;1;Oui;93047;Montfermeil;Commune;219300472;93047;21930047200194;MONTFERMEIL;Budget principal;M57;Frais de personnel;23826664.28;23.826664280000003;28100;847.9239957295374;1;1;;;;;2;;;;;;2024;28100
2024;Non;11;Île-de-France;93;Seine-Saint-Denis;200057875;Est Ensemble;10;Non;Non;Non;2;Oui;93048;Montreuil;Commune;219300480;93048;21930048000015;MONTREUIL;Budget principal;M57;Frais de personnel;118192094.09;118.19209409;112027;1055.0322162514394;1;1;;;;;2;;;;;;2024;112027
2024;Non;11;Île-de-France;93;Seine-Saint-Denis;200058790;Grand Paris - Grand Est;8;Non;Non;Non;2;Non;93049;Neuilly-Plaisance;Commune;219300498;93049;21930049800017;NEUILLY-PLAISANCE;Budget principal;M57;Frais de personnel;18604556.53;18.60455653;21538;863.8014917819668;1;1;;;;;2;;;;;;2024;21538
2024;Non;11;Île-de-France;93;Seine-Saint-Denis;200058790;Grand Paris - Grand Est;8;Non;Non;Non;1;Oui;93050;Neuilly-sur-Marne;Commune;219300506;93050;21930050600017;NEUILLY-SUR-MARNE;Budget principal;M57;Frais de personnel;36607950.29;36.60795029;37639;972.6068782379978;1;1;;;;;2;;;;;;2024;37639
2024;Non;11;Île-de-France;93;Seine-Saint-Denis;200058790;Grand Paris - Grand Est;9;Non;Non;Non;2;Oui;93051;Noisy-le-Grand;Commune;219300514;93051;21930051400011;NOISY-LE-GRAND;Budget principal;M57;Frais de personnel;71039602.8;71.0396028;70774;1003.7528301353605;1;1;;;;;2;;;;;;2024;70774
2024;Non;11;Île-de-France;93;Seine-Saint-Denis;200057875;Est Ensemble;8;Non;Non;Non;1;Oui;93053;Noisy-le-Sec;Commune;219300530;93053;21930053000017;NOISY-LE-SEC;Budget principal;M57;Frais de personnel;39542427.68;39.54242768;46229;855.3597888771118;1;1;;;;;2;;;;;;2024;46229
2024;Non;11;Île-de-France;93;Seine-Saint-Denis;200057875;Est Ensemble;9;Non;Non;Non;1;Oui;93055;Pantin;Commune;219300555;93055;21930055500014;PANTIN;Budget principal;M57;Frais de personnel;69048952.36;69.04895236;60959;1132.7113692809921;1;1;;;;;2;;;;;;2024;60959
2024;Non;11;Île-de-France;93;Seine-Saint-Denis;200058790;Grand Paris - Grand Est;8;Non;Non;Non;1;Non;93057;Les Pavillons-sous-Bois;Commune;219300571;93057;21930057100011;LES PAVILLONS-SOUS-BOIS;Budget principal;M57;Frais de personnel;21010549.9;21.010549899999997;24268;865.7717941321905;1;1;;;;;2;;;;;;2024;24268
2024;Non;11;Île-de-France;93;Seine-Saint-Denis;200057867;Plaine Commune;8;Non;Non;Non;0;Oui;93059;Pierrefitte-sur-Seine;Commune;219300597;93059;21930059700016;PIERREFITTE-SUR-SEINE;Budget principal;M57;Frais de personnel;29715994.04;29.715994039999998;32426;916.424907173256;1;1;;;;;2;;;;;;2024;32426
2024;Non;11;Île-de-France;93;Seine-Saint-Denis;200057875;Est Ensemble;7;Non;Non;Non;2;Oui;93061;Le Pré-Saint-Gervais;Commune;219300613;93061;21930061300011;LE PRE-SAINT-GERVAIS;Budget principal;M57;Frais de personnel;13561432.82;13.56143282;16913;801.8348501152959;1;1;;;;;2;;;;;;2024;16913
2024;Non;11;Île-de-France;93;Seine-Saint-Denis;200058790;Grand Paris - Grand Est;7;Non;Non;Non;4;Non;93062;Le Raincy;Commune;219300621;93062;21930062100014;RAINCY (LE );Budget principal;M14;Frais de personnel;6915650.21;6.91565021;15066;459.023643302801;1;1;;;;;2;;;;;;2024;15066
2024;Non;11;Île-de-France;93;Seine-Saint-Denis;200057875;Est Ensemble;8;Non;Non;Non;1;Oui;93063;Romainville;Commune;219300639;93063;21930063900016;ROMAINVILLE;Budget principal;M57;Frais de personnel;28813712.77;28.81371277;33343;864.1607764748223;1;1;;;;;2;;;;;;2024;33343
2024;Non;11;Île-de-France;93;Seine-Saint-Denis;200058790;Grand Paris - Grand Est;8;Non;Non;Non;2;Oui;93064;Rosny-sous-Bois;Commune;219300647;93064;21930064700019;ROSNY-SOUS-BOIS;Budget principal;M57;Frais de personnel;43836851.79;43.83685179;45857;955.9467865320453;1;1;;;;;2;;;;;;2024;45857
2024;Non;11;Île-de-France;93;Seine-Saint-Denis;200057867;Plaine Commune;10;Non;Non;Non;1;Oui;93066;Saint-Denis;Commune;219300662;93066;21930066200018;SAINT-DENIS;Budget principal;M57;Frais de personnel;122243110.15;122.24311015;114782;1065.0024407137007;1;1;;;;;2;;;;;;2024;114782
2024;Non;11;Île-de-France;93;Seine-Saint-Denis;200057867;Plaine Commune;9;Non;Non;Non;2;Oui;93070;Saint-Ouen-sur-Seine;Commune;219300704;93070;21930070400018;SAINT-OUEN-SUR-SEINE;Budget principal;M57;Frais de personnel;65876649.55;65.87664955;53320;1235.496053075769;1;1;;;;;2;;;;;;2024;53320
2024;Non;11;Île-de-France;93;Seine-Saint-Denis;200058097;Paris Terres d'Envol;9;Non;Non;Non;1;Oui;93071;Sevran;Commune;219300712;93071;21930071200524;SEVRAN;Budget principal;M57;Frais de personnel;52446312.21;52.44631221;52002;1008.5441369562709;1;1;;;;;2;;;;;;2024;52002
2024;Non;11;Île-de-France;93;Seine-Saint-Denis;200057867;Plaine Commune;8;Non;Non;Non;0;Oui;93072;Stains;Commune;219300720;93072;21930072000014;STAINS;Budget principal;M57;Frais de personnel;40893239.74;40.893239740000006;40443;1011.1326988601242;1;1;;;;;2;;;;;;2024;40443
2024;Non;11;Île-de-France;93;Seine-Saint-Denis;200058097;Paris Terres d'Envol;8;Non;Non;Non;1;Oui;93073;Tremblay-en-France;Commune;219300738;93073;21930073800271;TREMBLAY-EN-FRANCE;Budget principal;M57;Frais de personnel;66165512.56;66.16551256;37464;1766.1091330343797;1;1;;;;;2;;;;;;2024;37464
2024;Non;11;Île-de-France;93;Seine-Saint-Denis;200058790;Grand Paris - Grand Est;6;Non;Non;Non;1;Non;93074;Vaujours;Commune;219300746;93074;21930074600019;VAUJOURS;Budget principal;M57;Frais de personnel;8238368.33;8.23836833;7549;1091.319158828984;1;1;;;;;2;;;;;;2024;7549
2024;Non;11;Île-de-France;93;Seine-Saint-Denis;200058790;Grand Paris - Grand Est;8;Non;Non;Non;2;Oui;93077;Villemomble;Commune;219300779;93077;21930077900200;VILLEMOMBLE;Budget principal;M57;Frais de personnel;25401979.98;25.40197998;30514;832.4696853903126;1;1;;;;;2;;;;;;2024;30514
2024;Non;11;Île-de-France;93;Seine-Saint-Denis;200058097;Paris Terres d'Envol;8;Non;Non;Non;1;Oui;93078;Villepinte;Commune;219300787;93078;21930078700013;VILLEPINTE;Budget principal;M57;Frais de personnel;39625092.05;39.62509205;38798;1021.317904273416;1;1;;;;;2;;;;;;2024;38798
2024;Non;11;Île-de-France;93;Seine-Saint-Denis;200057867;Plaine Commune;7;Non;Non;Non;0;Oui;93079;Villetaneuse;Commune;219300795;93079;21930079500123;VILLETANEUSE;Budget principal;M57;Frais de personnel;12643168.15;12.643168150000001;12752;991.4655073713927;1;1;;;;;2;;;;;;2024;12752
2024;Non;11;Île-de-France;93;Seine-Saint-Denis;200057867;Plaine Commune;9;Non;Non;Non;0;Oui;93001;Aubervilliers;Commune;219300019;93001;21930001900011;AUBERVILLIERS;Budget principal;M57;Emprunts hors GAD;76477.07;0.07647707000000001;90259;0.8473068613656257;1;1;2;;;;;;;;4;;2024;90259
2024;Non;11;Île-de-France;93;Seine-Saint-Denis;200058097;Paris Terres d'Envol;9;Non;Non;Non;1;Oui;93005;Aulnay-sous-Bois;Commune;219300050;93005;21930005000016;AULNAY-SOUS-BOIS;Budget principal;M57;Emprunts hors GAD;1278715.16;1.27871516;86522;14.779075379672221;1;1;2;;;;;;;;4;;2024;86522
2024;Non;11;Île-de-France;93;Seine-Saint-Denis;200057875;Est Ensemble;8;Non;Non;Non;1;Oui;93006;Bagnolet;Commune;219300068;93006;21930006800018;BAGNOLET;Budget principal;M57;Emprunts hors GAD;4400000.0;4.4;39493;111.41214898842833;1;1;2;;;;;;;;4;;2024;39493
2024;Non;11;Île-de-France;93;Seine-Saint-Denis;200058097;Paris Terres d'Envol;9;Non;Non;Non;1;Oui;93007;Le Blanc-Mesnil;Commune;219300076;93007;21930007600011;LE BLANC-MESNIL;Budget principal;M57;Emprunts hors GAD;4027647.34;4.02764734;58396;68.97128810192478;1;1;2;;;;;;;;4;;2024;58396
2024;Non;11;Île-de-France;93;Seine-Saint-Denis;200057875;Est Ensemble;9;Non;Non;Non;0;Oui;93008;Bobigny;Commune;219300084;93008;21930008400015;BOBIGNY;Budget principal;M57;Emprunts hors GAD;16052824.0;16.052824;55191;290.8594517222011;1;1;2;;;;;;;;4;;2024;55191
2024;Non;11;Île-de-France;93;Seine-Saint-Denis;200057875;Est Ensemble;9;Non;Non;Non;1;Oui;93010;Bondy;Commune;219300100;93010;21930010000019;BONDY;Budget principal;M57;Emprunts hors GAD;5000000.0;5.0;53067;94.22051369024064;1;1;2;;;;;;;;4;;2024;53067
2024;Non;11;Île-de-France;93;Seine-Saint-Denis;200058097;Paris Terres d'Envol;7;Non;Non;Non;1;Oui;93013;Le Bourget;Commune;219300134;93013;21930013400018;LE BOURGET;Budget principal;M57;Emprunts hors GAD;0.0;0.0;14870;0.0;1;1;2;;;;;;;;4;;2024;14870
2024;Non;11;Île-de-France;93;Seine-Saint-Denis;200058790;Grand Paris - Grand Est;8;Non;Non;Non;0;Oui;93014;Clichy-sous-Bois;Commune;219300142;93014;21930014200011;CLICHY-SOUS-BOIS;Budget principal;M57;Emprunts hors GAD;0.0;0.0;29806;0.0;1;1;2;;;;;;;;4;;2024;29806
2024;Non;11;Île-de-France;93;Seine-Saint-Denis;200058790;Grand Paris - Grand Est;6;Non;Non;Non;2;Non;93015;Coubron;Commune;219300159;93015;21930015900015;COUBRON;Budget principal;M57;Emprunts hors GAD;0.0;0.0;5107;0.0;1;1;2;;;;;;;;4;;2024;5107
2024;Non;11;Île-de-France;93;Seine-Saint-Denis;200057867;Plaine Commune;8;Non;Non;Non;0;Oui;93027;La Courneuve;Commune;219300274;93027;21930027400012;LA COURNEUVE;Budget principal;M57;Emprunts hors GAD;19120000.0;19.12;47289;404.3223582651357;1;1;2;;;;;;;;4;;2024;47289
2024;Non;11;Île-de-France;93;Seine-Saint-Denis;200058097;Paris Terres d'Envol;9;Non;Non;Non;1;Oui;93029;Drancy;Commune;219300290;93029;21930029000018;DRANCY;Budget principal;M57;Emprunts hors GAD;10052577.67;10.05257767;71619;140.36188260098578;1;1;2;;;;;;;;4;;2024;71619
2024;Non;11;Île-de-France;93;Seine-Saint-Denis;200058097;Paris Terres d'Envol;7;Non;Non;Non;0;Oui;93030;Dugny;Commune;219300308;93030;21930030800018;DUGNY;Budget principal;M57;Emprunts hors GAD;3000000.0;3.0;11368;263.8986629134412;1;1;2;;;;;;;;4;;2024;11368
2024;Non;11;Île-de-France;93;Seine-Saint-Denis;200057867;Plaine Commune;9;Non;Non;Non;1;Oui;93031;Épinay-sur-Seine;Commune;219300316;93031;21930031600011;EPINAY-SUR-SEINE;Budget principal;M57;Emprunts hors GAD;3651.72;0.00365172;53637;0.06808210750041949;1;1;2;;;;;;;;4;;2024;53637
2024;Non;11;Île-de-France;93;Seine-Saint-Denis;200058790;Grand Paris - Grand Est;8;Non;Non;Non;2;Oui;93032;Gagny;Commune;219300324;93032;21930032400015;GAGNY;Budget principal;M57;Emprunts hors GAD;1611.22;0.00161122;40428;0.039854061541505885;1;1;2;;;;;;;;4;;2024;40428
2024;Non;11;Île-de-France;93;Seine-Saint-Denis;200058790;Grand Paris - Grand Est;6;Non;Non;Non;4;Non;93033;Gournay-sur-Marne;Commune;219300332;93033;21930033200018;GOURNAY-SUR-MARNE;Budget principal;M57;Emprunts hors GAD;144000.0;0.144;6944;20.737327188940093;1;1;2;;;;;;;;4;;2024;6944
2024;Non;11;Île-de-France;93;Seine-Saint-Denis;200057867;Plaine Commune;6;Non;Non;Non;1;Oui;93039;L'Île-Saint-Denis;Commune;219300399;93039;21930039900017;L'ILE-SAINT-DENIS;Budget principal;M57;Emprunts hors GAD;0.0;0.0;8683;0.0;1;1;2;;;;;;;;4;;2024;8683
2024;Non;11;Île-de-France;93;Seine-Saint-Denis;200057875;Est Ensemble;8;Non;Non;Non;3;Non;93045;Les Lilas;Commune;219300456;93045;21930045600015;LES LILAS;Budget principal;M57;Emprunts hors GAD;0.0;0.0;23589;0.0;1;1;2;;;;;;;;4;;2024;23589
2024;Non;11;Île-de-France;93;Seine-Saint-Denis;200058790;Grand Paris - Grand Est;8;Non;Non;Non;1;Non;93046;Livry-Gargan;Commune;219300464;93046;21930046400019;LIVRY-GARGAN;Budget principal;M57;Emprunts hors GAD;4447600.0;4.4476;46218;96.23090570773292;1;1;2;;;;;;;;4;;2024;46218
2024;Non;11;Île-de-France;93;Seine-Saint-Denis;200058790;Grand Paris - Grand Est;8;Non;Non;Non;1;Oui;93047;Montfermeil;Commune;219300472;93047;21930047200194;MONTFERMEIL;Budget principal;M57;Emprunts hors GAD;0.0;0.0;28100;0.0;1;1;2;;;;;;;;4;;2024;28100
2024;Non;11;Île-de-France;93;Seine-Saint-Denis;200057875;Est Ensemble;10;Non;Non;Non;2;Oui;93048;Montreuil;Commune;219300480;93048;21930048000015;MONTREUIL;Budget principal;M57;Emprunts hors GAD;20226050.0;20.22605;112027;180.54620761066528;1;1;2;;;;;;;;4;;2024;112027
2024;Non;11;Île-de-France;93;Seine-Saint-Denis;200058790;Grand Paris - Grand Est;8;Non;Non;Non;2;Non;93049;Neuilly-Plaisance;Commune;219300498;93049;21930049800017;NEUILLY-PLAISANCE;Budget principal;M57;Emprunts hors GAD;4189.22;0.0041892200000000004;21538;0.1945036679357415;1;1;2;;;;;;;;4;;2024;21538
2024;Non;11;Île-de-France;93;Seine-Saint-Denis;200058790;Grand Paris - Grand Est;8;Non;Non;Non;1;Oui;93050;Neuilly-sur-Marne;Commune;219300506;93050;21930050600017;NEUILLY-SUR-MARNE;Budget principal;M57;Emprunts hors GAD;31676.42;0.03167642;37639;0.8415850580514891;1;1;2;;;;;;;;4;;2024;37639
2024;Non;11;Île-de-France;93;Seine-Saint-Denis;200058790;Grand Paris - Grand Est;9;Non;Non;Non;2;Oui;93051;Noisy-le-Grand;Commune;219300514;93051;21930051400011;NOISY-LE-GRAND;Budget principal;M57;Emprunts hors GAD;10263461.36;10.263461359999999;70774;145.01739847966766;1;1;2;;;;;;;;4;;2024;70774
2024;Non;11;Île-de-France;93;Seine-Saint-Denis;200057875;Est Ensemble;8;Non;Non;Non;1;Oui;93053;Noisy-le-Sec;Commune;219300530;93053;21930053000017;NOISY-LE-SEC;Budget principal;M57;Emprunts hors GAD;0.0;0.0;46229;0.0;1;1;2;;;;;;;;4;;2024;46229
2024;Non;11;Île-de-France;93;Seine-Saint-Denis;200057875;Est Ensemble;9;Non;Non;Non;1;Oui;93055;Pantin;Commune;219300555;93055;21930055500014;PANTIN;Budget principal;M57;Emprunts hors GAD;20031557.9;20.0315579;60959;328.60706212372247;1;1;2;;;;;;;;4;;2024;60959
2024;Non;11;Île-de-France;93;Seine-Saint-Denis;200058790;Grand Paris - Grand Est;8;Non;Non;Non;1;Non;93057;Les Pavillons-sous-Bois;Commune;219300571;93057;21930057100011;LES PAVILLONS-SOUS-BOIS;Budget principal;M57;Emprunts hors GAD;801004.64;0.80100464;24268;33.006619416515576;1;1;2;;;;;;;;4;;2024;24268
2024;Non;11;Île-de-France;93;Seine-Saint-Denis;200057867;Plaine Commune;8;Non;Non;Non;0;Oui;93059;Pierrefitte-sur-Seine;Commune;219300597;93059;21930059700016;PIERREFITTE-SUR-SEINE;Budget principal;M57;Emprunts hors GAD;3599820.0;3.59982;32426;111.01646826620613;1;1;2;;;;;;;;4;;2024;32426
2024;Non;11;Île-de-France;93;Seine-Saint-Denis;200057875;Est Ensemble;7;Non;Non;Non;2;Oui;93061;Le Pré-Saint-Gervais;Commune;219300613;93061;21930061300011;LE PRE-SAINT-GERVAIS;Budget principal;M57;Emprunts hors GAD;6000000.0;6.0;16913;354.7566960326376;1;1;2;;;;;;;;4;;2024;16913
2024;Non;11;Île-de-France;93;Seine-Saint-Denis;200058790;Grand Paris - Grand Est;7;Non;Non;Non;4;Non;93062;Le Raincy;Commune;219300621;93062;21930062100014;RAINCY (LE );Budget principal;M14;Emprunts hors GAD;9029066.0;9.029066;15066;599.3008097703438;1;1;2;;;;;;;;4;;2024;15066
2024;Non;11;Île-de-France;93;Seine-Saint-Denis;200057875;Est Ensemble;8;Non;Non;Non;1;Oui;93063;Romainville;Commune;219300639;93063;21930063900016;ROMAINVILLE;Budget principal;M57;Emprunts hors GAD;2000350.0;2.00035;33343;59.99310200041988;1;1;2;;;;;;;;4;;2024;33343
2024;Non;11;Île-de-France;93;Seine-Saint-Denis;200058790;Grand Paris - Grand Est;8;Non;Non;Non;2;Oui;93064;Rosny-sous-Bois;Commune;219300647;93064;21930064700019;ROSNY-SOUS-BOIS;Budget principal;M57;Emprunts hors GAD;8492478.0;8.492478;45857;185.19480122991038;1;1;2;;;;;;;;4;;2024;45857
2024;Non;11;Île-de-France;93;Seine-Saint-Denis;200057867;Plaine Commune;10;Non;Non;Non;1;Oui;93066;Saint-Denis;Commune;219300662;93066;21930066200018;SAINT-DENIS;Budget principal;M57;Emprunts hors GAD;10003051.77;10.003051769999999;114782;87.14826166123608;1;1;2;;;;;;;;4;;2024;114782
2024;Non;11;Île-de-France;93;Seine-Saint-Denis;200057867;Plaine Commune;9;Non;Non;Non;2;Oui;93070;Saint-Ouen-sur-Seine;Commune;219300704;93070;21930070400018;SAINT-OUEN-SUR-SEINE;Budget principal;M57;Emprunts hors GAD;10000100.0;10.0001;53320;187.54876219054765;1;1;2;;;;;;;;4;;2024;53320
2024;Non;11;Île-de-France;93;Seine-Saint-Denis;200058097;Paris Terres d'Envol;9;Non;Non;Non;1;Oui;93071;Sevran;Commune;219300712;93071;21930071200524;SEVRAN;Budget principal;M57;Emprunts hors GAD;8100000.0;8.1;52002;155.76323987538942;1;1;2;;;;;;;;4;;2024;52002
2024;Non;11;Île-de-France;93;Seine-Saint-Denis;200057867;Plaine Commune;8;Non;Non;Non;0;Oui;93072;Stains;Commune;219300720;93072;21930072000014;STAINS;Budget principal;M57;Emprunts hors GAD;2250000.0;2.25;40443;55.63385505526296;1;1;2;;;;;;;;4;;2024;40443
2024;Non;11;Île-de-France;93;Seine-Saint-Denis;200058097;Paris Terres d'Envol;8;Non;Non;Non;1;Oui;93073;Tremblay-en-France;Commune;219300738;93073;21930073800271;TREMBLAY-EN-FRANCE;Budget principal;M57;Emprunts hors GAD;8318.23;0.00831823;37464;0.22203261797992738;1;1;2;;;;;;;;4;;2024;37464
2024;Non;11;Île-de-France;93;Seine-Saint-Denis;200058790;Grand Paris - Grand Est;6;Non;Non;Non;1;Non;93074;Vaujours;Commune;219300746;93074;21930074600019;VAUJOURS;Budget principal;M57;Emprunts hors GAD;5600000.0;5.6;7549;741.8201086236587;1;1;2;;;;;;;;4;;2024;7549
2024;Non;11;Île-de-France;93;Seine-Saint-Denis;200058790;Grand Paris - Grand Est;8;Non;Non;Non;2;Oui;93077;Villemomble;Commune;219300779;93077;21930077900200;VILLEMOMBLE;Budget principal;M57;Emprunts hors GAD;16276.96;0.01627696;30514;0.5334259684079439;1;1;2;;;;;;;;4;;2024;30514
2024;Non;11;Île-de-France;93;Seine-Saint-Denis;200058097;Paris Terres d'Envol;8;Non;Non;Non;1;Oui;93078;Villepinte;Commune;219300787;93078;21930078700013;VILLEPINTE;Budget principal;M57;Emprunts hors GAD;5001405.0;5.001405;38798;128.9088355069849;1;1;2;;;;;;;;4;;2024;38798
2024;Non;11;Île-de-France;93;Seine-Saint-Denis;200057867;Plaine Commune;7;Non;Non;Non;0;Oui;93079;Villetaneuse;Commune;219300795;93079;21930079500123;VILLETANEUSE;Budget principal;M57;Emprunts hors GAD;3001179.76;3.00117976;12752;235.34973023839396;1;1;2;;;;;;;;4;;2024;12752
